﻿<?xml version="1.0" encoding="UTF-8" standalone="yes"?>
<Picture>
	<PictureVariant name="85.png" screenDensity="bldpi" glyphWidth="14" glyphHeight="14" direction="ltrCanFlipHorizontally"/>
	<PictureVariant name="100.png" screenDensity="ldpi" glyphWidth="16" glyphHeight="16" direction="ltrCanFlipHorizontally"/>
	<PictureVariant name="125.png" screenDensity="aldpi" glyphWidth="20" glyphHeight="20" direction="ltrCanFlipHorizontally"/>
	<PictureVariant name="150.png" screenDensity="mdpi" glyphWidth="24" glyphHeight="24" direction="ltrCanFlipHorizontally"/>
	<PictureVariant name="175.png" screenDensity="amdpi" glyphWidth="28" glyphHeight="28" direction="ltrCanFlipHorizontally"/>
	<PictureVariant name="200.png" screenDensity="hdpi" glyphWidth="32" glyphHeight="32" direction="ltrCanFlipHorizontally"/>
	<PictureVariant name="300.png" screenDensity="xdpi" glyphWidth="48" glyphHeight="48" direction="ltrCanFlipHorizontally"/>
	<PictureVariant name="400.png" screenDensity="udpi" glyphWidth="64" glyphHeight="64" direction="ltrCanFlipHorizontally"/>
	<PictureVariant name="Picture.png" interfaceVariant="version8_2" screenDensity="ldpi" glyphWidth="16" glyphHeight="16" direction="ltrCanFlipHorizontally"/>
	<PictureVariant name="Picture.png" interfaceVariant="version8_2_OrdinaryApp" screenDensity="ldpi" glyphWidth="16" glyphHeight="16" direction="ltrCanFlipHorizontally"/>
	<PictureVariant name="h.png" interfaceVariant="taxiMobile" screenDensity="hdpi" direction="ltrCanFlipHorizontally"/>
	<PictureVariant name="l.png" interfaceVariant="taxiMobile" screenDensity="ldpi" direction="ltrCanFlipHorizontally"/>
	<PictureVariant name="m.png" interfaceVariant="taxiMobile" screenDensity="mdpi" direction="ltrCanFlipHorizontally"/>
	<PictureVariant name="x.png" interfaceVariant="taxiMobile" screenDensity="xdpi" direction="ltrCanFlipHorizontally"/>
</Picture>
